origem,qtd_leads,faturamento,custo_lead
Desconhecido,50,9000,2346.6147894160913
Google Ads,197,67000,9181.152713838923
Indicação,176,43000,8073.996517353594
LinkedIn,195,38000,9086.379953094776
Meta Ads,197,33500,8877.566785384726
Outbound,185,65000,8825.154540129128
